https://lando.itsoffbrand.io/dev-js/lando-by-OFF+BRAND.01.js	/home/runner/work/landnr/landnr/vendor/offbrand/lando.itsoffbrand.io/dev-js/lando-by-OFF+BRAND.01.js	cached
https://lando.itsoffbrand.io/dev-js/lando.OFF+BRAND.gold-android-fix-03.js	/home/runner/work/landnr/landnr/vendor/offbrand/lando.itsoffbrand.io/dev-js/lando.OFF+BRAND.gold-android-fix-03.js	cached
https://lando.itsoffbrand.io/dev-js/lando.OFF+BRAND.gold.js	/home/runner/work/landnr/landnr/vendor/offbrand/lando.itsoffbrand.io/dev-js/lando.OFF+BRAND.gold.js	cached
https://lando.itsoffbrand.io/dev-js/lando.OFF+BRAND.js	/home/runner/work/landnr/landnr/vendor/offbrand/lando.itsoffbrand.io/dev-js/lando.OFF+BRAND.js	cached
https://lando.itsoffbrand.io/gl/draco/draco_decoder.wasm	/home/runner/work/landnr/landnr/vendor/offbrand/lando.itsoffbrand.io/gl/draco/draco_decoder.wasm	cached
https://lando.itsoffbrand.io/gl/draco/draco_wasm_wrapper.js	/home/runner/work/landnr/landnr/vendor/offbrand/lando.itsoffbrand.io/gl/draco/draco_wasm_wrapper.js	cached
https://lando.itsoffbrand.io/gl/fonts/Brier-Bold-02.webp	/home/runner/work/landnr/landnr/vendor/offbrand/lando.itsoffbrand.io/gl/fonts/Brier-Bold-02.webp	cached
https://lando.itsoffbrand.io/gl/fonts/Brier-Bold-msdf.json	/home/runner/work/landnr/landnr/vendor/offbrand/lando.itsoffbrand.io/gl/fonts/Brier-Bold-msdf.json	cached
https://lando.itsoffbrand.io/gl/fonts/MonaSans-Bold-02.webp	/home/runner/work/landnr/landnr/vendor/offbrand/lando.itsoffbrand.io/gl/fonts/MonaSans-Bold-02.webp	cached
https://lando.itsoffbrand.io/gl/fonts/MonaSans-Bold-msdf.json	/home/runner/work/landnr/landnr/vendor/offbrand/lando.itsoffbrand.io/gl/fonts/MonaSans-Bold-msdf.json	cached
https://lando.itsoffbrand.io/gl/hdri/studio_small_08_1k--faded.hdr	/home/runner/work/landnr/landnr/vendor/offbrand/lando.itsoffbrand.io/gl/hdri/studio_small_08_1k--faded.hdr	cached
https://lando.itsoffbrand.io/gl/hdri/studio_small_08_1k--light.hdr	/home/runner/work/landnr/landnr/vendor/offbrand/lando.itsoffbrand.io/gl/hdri/studio_small_08_1k--light.hdr	cached
https://lando.itsoffbrand.io/gl/models/disco-02.glb	/home/runner/work/landnr/landnr/vendor/offbrand/lando.itsoffbrand.io/gl/models/disco-02.glb	cached
https://lando.itsoffbrand.io/gl/models/helmet-21.glb	/home/runner/work/landnr/landnr/vendor/offbrand/lando.itsoffbrand.io/gl/models/helmet-21.glb	cached
https://lando.itsoffbrand.io/gl/models/tracks/tracks-05.glb	/home/runner/work/landnr/landnr/vendor/offbrand/lando.itsoffbrand.io/gl/models/tracks/tracks-05.glb	cached
https://lando.itsoffbrand.io/gl/models/tracks/tracks.glb	/home/runner/work/landnr/landnr/vendor/offbrand/lando.itsoffbrand.io/gl/models/tracks/tracks.glb	cached
https://lando.itsoffbrand.io/gl/textures/glass/webp/Norris_Glass_mat_BaseColor.webp	/home/runner/work/landnr/landnr/vendor/offbrand/lando.itsoffbrand.io/gl/textures/glass/webp/Norris_Glass_mat_BaseColor.webp	cached
https://lando.itsoffbrand.io/gl/textures/glass/webp/Norris_Glass_mat_Metallic.webp	/home/runner/work/landnr/landnr/vendor/offbrand/lando.itsoffbrand.io/gl/textures/glass/webp/Norris_Glass_mat_Metallic.webp	cached
https://lando.itsoffbrand.io/gl/textures/glass/webp/Norris_Glass_mat_Normal.webp	/home/runner/work/landnr/landnr/vendor/offbrand/lando.itsoffbrand.io/gl/textures/glass/webp/Norris_Glass_mat_Normal.webp	cached
https://lando.itsoffbrand.io/gl/textures/glass/webp/Norris_Glass_mat_Roughness.webp	/home/runner/work/landnr/landnr/vendor/offbrand/lando.itsoffbrand.io/gl/textures/glass/webp/Norris_Glass_mat_Roughness.webp	cached
https://lando.itsoffbrand.io/gl/textures/head/webp/alpha.webp	/home/runner/work/landnr/landnr/vendor/offbrand/lando.itsoffbrand.io/gl/textures/head/webp/alpha.webp	cached
https://lando.itsoffbrand.io/gl/textures/head/webp/depth.webp	/home/runner/work/landnr/landnr/vendor/offbrand/lando.itsoffbrand.io/gl/textures/head/webp/depth.webp	cached
https://lando.itsoffbrand.io/gl/textures/head/webp/diffuse.webp	/home/runner/work/landnr/landnr/vendor/offbrand/lando.itsoffbrand.io/gl/textures/head/webp/diffuse.webp	cached
https://lando.itsoffbrand.io/gl/textures/head/webp/normal.webp	/home/runner/work/landnr/landnr/vendor/offbrand/lando.itsoffbrand.io/gl/textures/head/webp/normal.webp	cached
https://lando.itsoffbrand.io/gl/textures/head/webp/shadow-softer-edit.webp	/home/runner/work/landnr/landnr/vendor/offbrand/lando.itsoffbrand.io/gl/textures/head/webp/shadow-softer-edit.webp	cached
https://lando.itsoffbrand.io/gl/textures/head/webp/shadow.webp	/home/runner/work/landnr/landnr/vendor/offbrand/lando.itsoffbrand.io/gl/textures/head/webp/shadow.webp	cached
https://lando.itsoffbrand.io/gl/textures/helmet/webp/dark/Norris_Helmet_mat_BaseColor.webp	/home/runner/work/landnr/landnr/vendor/offbrand/lando.itsoffbrand.io/gl/textures/helmet/webp/dark/Norris_Helmet_mat_BaseColor.webp	cached
https://lando.itsoffbrand.io/gl/textures/helmet/webp/disco/disco_lens-flare-15.webp	/home/runner/work/landnr/landnr/vendor/offbrand/lando.itsoffbrand.io/gl/textures/helmet/webp/disco/disco_lens-flare-15.webp	cached
https://lando.itsoffbrand.io/gl/textures/helmet/webp/disco/disco_mask-01.webp	/home/runner/work/landnr/landnr/vendor/offbrand/lando.itsoffbrand.io/gl/textures/helmet/webp/disco/disco_mask-01.webp	cached
https://lando.itsoffbrand.io/gl/textures/helmet/webp/disco/disco_matcap-01.webp	/home/runner/work/landnr/landnr/vendor/offbrand/lando.itsoffbrand.io/gl/textures/helmet/webp/disco/disco_matcap-01.webp	cached
https://lando.itsoffbrand.io/gl/textures/helmet/webp/disco/Norris_Helmet_mat_BaseColor.webp	/home/runner/work/landnr/landnr/vendor/offbrand/lando.itsoffbrand.io/gl/textures/helmet/webp/disco/Norris_Helmet_mat_BaseColor.webp	cached
https://lando.itsoffbrand.io/gl/textures/helmet/webp/gold/Norris_Helmet_mat_BaseColor.webp	/home/runner/work/landnr/landnr/vendor/offbrand/lando.itsoffbrand.io/gl/textures/helmet/webp/gold/Norris_Helmet_mat_BaseColor.webp	cached
https://lando.itsoffbrand.io/gl/textures/helmet/webp/google/Norris_Helmet_mat_BaseColor.webp	/home/runner/work/landnr/landnr/vendor/offbrand/lando.itsoffbrand.io/gl/textures/helmet/webp/google/Norris_Helmet_mat_BaseColor.webp	cached
https://lando.itsoffbrand.io/gl/textures/helmet/webp/grid/Norris_Helmet_mat_BaseColor.webp	/home/runner/work/landnr/landnr/vendor/offbrand/lando.itsoffbrand.io/gl/textures/helmet/webp/grid/Norris_Helmet_mat_BaseColor.webp	cached
https://lando.itsoffbrand.io/gl/textures/helmet/webp/lime/Norris_Helmet_mat_BaseColor.webp	/home/runner/work/landnr/landnr/vendor/offbrand/lando.itsoffbrand.io/gl/textures/helmet/webp/lime/Norris_Helmet_mat_BaseColor.webp	cached
https://lando.itsoffbrand.io/gl/textures/helmet/webp/Norris_Helmet_mat_Metallic.webp	/home/runner/work/landnr/landnr/vendor/offbrand/lando.itsoffbrand.io/gl/textures/helmet/webp/Norris_Helmet_mat_Metallic.webp	cached
https://lando.itsoffbrand.io/gl/textures/helmet/webp/Norris_Helmet_mat_Normal.webp	/home/runner/work/landnr/landnr/vendor/offbrand/lando.itsoffbrand.io/gl/textures/helmet/webp/Norris_Helmet_mat_Normal.webp	cached
https://lando.itsoffbrand.io/gl/textures/helmet/webp/Norris_Helmet_mat_Roughness.webp	/home/runner/work/landnr/landnr/vendor/offbrand/lando.itsoffbrand.io/gl/textures/helmet/webp/Norris_Helmet_mat_Roughness.webp	cached
https://lando.itsoffbrand.io/gl/textures/noise/noise-03.webp	/home/runner/work/landnr/landnr/vendor/offbrand/lando.itsoffbrand.io/gl/textures/noise/noise-03.webp	cached
https://lando.itsoffbrand.io/gl/textures/not-found/not-found-alpha-6.webp	/home/runner/work/landnr/landnr/vendor/offbrand/lando.itsoffbrand.io/gl/textures/not-found/not-found-alpha-6.webp	cached
https://lando.itsoffbrand.io/gl/textures/not-found/webp/not-found-alpha-6.webp	/home/runner/work/landnr/landnr/vendor/offbrand/lando.itsoffbrand.io/gl/textures/not-found/webp/not-found-alpha-6.webp	cached
https://lando.itsoffbrand.io/gl/textures/plastic/plastic__matcap-02.webp	/home/runner/work/landnr/landnr/vendor/offbrand/lando.itsoffbrand.io/gl/textures/plastic/plastic__matcap-02.webp	cached
https://lando.itsoffbrand.io/gl/textures/tracks/lando__matcap-02.webp	/home/runner/work/landnr/landnr/vendor/offbrand/lando.itsoffbrand.io/gl/textures/tracks/lando__matcap-02.webp	cached
https://lando.itsoffbrand.io/rive/page-transition.riv	/home/runner/work/landnr/landnr/vendor/offbrand/lando.itsoffbrand.io/rive/page-transition.riv	cached
https://assets.itsoffbrand.io/lando/dev-js/lando-by-OFF+BRAND.js	/home/runner/work/landnr/landnr/vendor/offbrand/assets.itsoffbrand.io/lando/dev-js/lando-by-OFF+BRAND.js	cached
https://assets.itsoffbrand.io/lando/dev-js/transitions-rive-isolate.js	/home/runner/work/landnr/landnr/vendor/offbrand/assets.itsoffbrand.io/lando/dev-js/transitions-rive-isolate.js	cached
https://assets.itsoffbrand.io/lando/js/main.06.js	/home/runner/work/landnr/landnr/vendor/offbrand/assets.itsoffbrand.io/lando/js/main.06.js	cached
https://assets.itsoffbrand.io/lando/js/main.10.js	/home/runner/work/landnr/landnr/vendor/offbrand/assets.itsoffbrand.io/lando/js/main.10.js	cached
https://assets.itsoffbrand.io/lando/js/webgl.02.js	/home/runner/work/landnr/landnr/vendor/offbrand/assets.itsoffbrand.io/lando/js/webgl.02.js	cached
https://assets.itsoffbrand.io/lando/rive/btn-ui.riv	/home/runner/work/landnr/landnr/vendor/offbrand/assets.itsoffbrand.io/lando/rive/btn-ui.riv	cached
https://assets.itsoffbrand.io/lando/rive/circuits.riv	/home/runner/work/landnr/landnr/vendor/offbrand/assets.itsoffbrand.io/lando/rive/circuits.riv	cached
https://assets.itsoffbrand.io/lando/rive/ln4.riv	/home/runner/work/landnr/landnr/vendor/offbrand/assets.itsoffbrand.io/lando/rive/ln4.riv	cached
https://assets.itsoffbrand.io/lando/rive/mob-landscape.riv	/home/runner/work/landnr/landnr/vendor/offbrand/assets.itsoffbrand.io/lando/rive/mob-landscape.riv	cached
https://assets.itsoffbrand.io/lando/rive/phrases.riv	/home/runner/work/landnr/landnr/vendor/offbrand/assets.itsoffbrand.io/lando/rive/phrases.riv	cached
https://assets.itsoffbrand.io/lando/rive/reef.riv	/home/runner/work/landnr/landnr/vendor/offbrand/assets.itsoffbrand.io/lando/rive/reef.riv	cached
https://assets.itsoffbrand.io/lando/rive/signature.riv	/home/runner/work/landnr/landnr/vendor/offbrand/assets.itsoffbrand.io/lando/rive/signature.riv	cached
https://cdn.prod.website-files.com/67b5a02dc5d338960b17a7e9/css/lando-offbrand.shared.5b4e934f7.css	/home/runner/work/landnr/landnr/vendor/offbrand/cdn.prod.website-files.com/67b5a02dc5d338960b17a7e9/css/lando-offbrand.shared.5b4e934f7.css	cached
https://cdn.prod.website-files.com/67b5a02dc5d338960b17a7e9/css/lando-offbrand.shared.4f53262f0.css	/home/runner/work/landnr/landnr/vendor/offbrand/cdn.prod.website-files.com/67b5a02dc5d338960b17a7e9/css/lando-offbrand.shared.4f53262f0.css	cached
https://cdn.prod.website-files.com/67b5a02dc5d338960b17a7e9/js/lando-offbrand.schunk.7321a5097fb66f41.js	/home/runner/work/landnr/landnr/vendor/offbrand/cdn.prod.website-files.com/67b5a02dc5d338960b17a7e9/js/lando-offbrand.schunk.7321a5097fb66f41.js	cached
https://cdn.prod.website-files.com/67b5a02dc5d338960b17a7e9/js/lando-offbrand.751e0867.148dc658e77a3916.js	/home/runner/work/landnr/landnr/vendor/offbrand/cdn.prod.website-files.com/67b5a02dc5d338960b17a7e9/js/lando-offbrand.751e0867.148dc658e77a3916.js	cached
https://d3e54v103j8qbb.cloudfront.net/js/jquery-3.5.1.min.dc5e7f18c8.js	/home/runner/work/landnr/landnr/vendor/offbrand/d3e54v103j8qbb.cloudfront.net/js/jquery-3.5.1.min.dc5e7f18c8.js	cached
https://cdn.prod.website-files.com/67b5a02dc5d338960b17a7e9/67bc6274c5b4108b123aa4d5_MonaSans-VariableFont_wdth%2Cwght.woff2	/home/runner/work/landnr/landnr/vendor/offbrand/cdn.prod.website-files.com/67b5a02dc5d338960b17a7e9/67bc6274c5b4108b123aa4d5_MonaSans-VariableFont_wdth%2Cwght.woff2	cached
https://lando.itsoffbrand.io/gl/basis/basis_transcoder.js	/home/runner/work/landnr/landnr/vendor/offbrand/lando.itsoffbrand.io/gl/basis/basis_transcoder.js	live
https://lando.itsoffbrand.io/gl/basis/basis_transcoder.wasm	/home/runner/work/landnr/landnr/vendor/offbrand/lando.itsoffbrand.io/gl/basis/basis_transcoder.wasm	live
https://lando.itsoffbrand.io/gl/hdri/studio_small_08_1k--dark.hdr	/home/runner/work/landnr/landnr/vendor/offbrand/lando.itsoffbrand.io/gl/hdri/studio_small_08_1k--dark.hdr	live
https://lando.itsoffbrand.io/gl/models/sotd.glb	/home/runner/work/landnr/landnr/vendor/offbrand/lando.itsoffbrand.io/gl/models/sotd.glb	live
https://lando.itsoffbrand.io/gl/textures/head/webp/roughness.webp	/home/runner/work/landnr/landnr/vendor/offbrand/lando.itsoffbrand.io/gl/textures/head/webp/roughness.webp	live
https://lando.itsoffbrand.io/gl/textures/head/webp/shadow-to-zip-edit.webp	/home/runner/work/landnr/landnr/vendor/offbrand/lando.itsoffbrand.io/gl/textures/head/webp/shadow-to-zip-edit.webp	live
https://lando.itsoffbrand.io/gl/textures/head/ktx2/diffuse.ktx2	/home/runner/work/landnr/landnr/vendor/offbrand/lando.itsoffbrand.io/gl/textures/head/ktx2/diffuse.ktx2	live
https://lando.itsoffbrand.io/gl/textures/head/ktx2/depth.ktx2	/home/runner/work/landnr/landnr/vendor/offbrand/lando.itsoffbrand.io/gl/textures/head/ktx2/depth.ktx2	live
https://lando.itsoffbrand.io/gl/textures/head/ktx2/alpha.ktx2	/home/runner/work/landnr/landnr/vendor/offbrand/lando.itsoffbrand.io/gl/textures/head/ktx2/alpha.ktx2	live
https://lando.itsoffbrand.io/gl/textures/head/ktx2/normal.ktx2	/home/runner/work/landnr/landnr/vendor/offbrand/lando.itsoffbrand.io/gl/textures/head/ktx2/normal.ktx2	live
https://lando.itsoffbrand.io/gl/textures/head/ktx2/roughness.ktx2	/home/runner/work/landnr/landnr/vendor/offbrand/lando.itsoffbrand.io/gl/textures/head/ktx2/roughness.ktx2	live
https://lando.itsoffbrand.io/gl/textures/head/ktx2/shadow.ktx2	/home/runner/work/landnr/landnr/vendor/offbrand/lando.itsoffbrand.io/gl/textures/head/ktx2/shadow.ktx2	live
https://lando.itsoffbrand.io/gl/textures/head/ktx2/shadow-softer-edit.ktx2	/home/runner/work/landnr/landnr/vendor/offbrand/lando.itsoffbrand.io/gl/textures/head/ktx2/shadow-softer-edit.ktx2	live
https://lando.itsoffbrand.io/gl/textures/head/ktx2/shadow-to-zip-edit.ktx2	/home/runner/work/landnr/landnr/vendor/offbrand/lando.itsoffbrand.io/gl/textures/head/ktx2/shadow-to-zip-edit.ktx2	live
https://lando.itsoffbrand.io/gl/textures/helmet/ktx2/gold/Norris_Helmet_mat_BaseColor.ktx2	/home/runner/work/landnr/landnr/vendor/offbrand/lando.itsoffbrand.io/gl/textures/helmet/ktx2/gold/Norris_Helmet_mat_BaseColor.ktx2	live
https://lando.itsoffbrand.io/gl/textures/helmet/ktx2/disco/Norris_Helmet_mat_BaseColor.ktx2	/home/runner/work/landnr/landnr/vendor/offbrand/lando.itsoffbrand.io/gl/textures/helmet/ktx2/disco/Norris_Helmet_mat_BaseColor.ktx2	live
https://lando.itsoffbrand.io/gl/textures/helmet/ktx2/disco/disco_mask-01.ktx2	/home/runner/work/landnr/landnr/vendor/offbrand/lando.itsoffbrand.io/gl/textures/helmet/ktx2/disco/disco_mask-01.ktx2	live
https://lando.itsoffbrand.io/gl/textures/helmet/ktx2/Norris_Helmet_mat_Roughness.ktx2	/home/runner/work/landnr/landnr/vendor/offbrand/lando.itsoffbrand.io/gl/textures/helmet/ktx2/Norris_Helmet_mat_Roughness.ktx2	live
https://lando.itsoffbrand.io/gl/textures/helmet/ktx2/Norris_Helmet_mat_Metallic.ktx2	/home/runner/work/landnr/landnr/vendor/offbrand/lando.itsoffbrand.io/gl/textures/helmet/ktx2/Norris_Helmet_mat_Metallic.ktx2	live
https://lando.itsoffbrand.io/gl/textures/helmet/ktx2/Norris_Helmet_mat_Normal.ktx2	/home/runner/work/landnr/landnr/vendor/offbrand/lando.itsoffbrand.io/gl/textures/helmet/ktx2/Norris_Helmet_mat_Normal.ktx2	live
https://lando.itsoffbrand.io/gl/textures/glass/ktx2/Norris_Glass_mat_BaseColor.ktx2	/home/runner/work/landnr/landnr/vendor/offbrand/lando.itsoffbrand.io/gl/textures/glass/ktx2/Norris_Glass_mat_BaseColor.ktx2	live
https://lando.itsoffbrand.io/gl/textures/glass/ktx2/Norris_Glass_mat_Roughness.ktx2	/home/runner/work/landnr/landnr/vendor/offbrand/lando.itsoffbrand.io/gl/textures/glass/ktx2/Norris_Glass_mat_Roughness.ktx2	live
https://lando.itsoffbrand.io/gl/textures/glass/ktx2/Metallic.ktx2	-	MISSING
https://lando.itsoffbrand.io/gl/textures/glass/ktx2/Norris_Glass_mat_Metallic.ktx2	/home/runner/work/landnr/landnr/vendor/offbrand/lando.itsoffbrand.io/gl/textures/glass/ktx2/Norris_Glass_mat_Metallic.ktx2	live
https://lando.itsoffbrand.io/gl/textures/glass/ktx2/Norris_Glass_mat_Normal.ktx2	/home/runner/work/landnr/landnr/vendor/offbrand/lando.itsoffbrand.io/gl/textures/glass/ktx2/Norris_Glass_mat_Normal.ktx2	live
https://lando.itsoffbrand.io/dev-js/canvas_advanced.wasm	-	MISSING
